{"accuracy": [0.45618608593940735, 0.516743540763855, 0.5241628289222717, 0.5271706581115723, 0.5383998155593872, 0.5452175736427307, 0.5656707286834717, 0.5692801475524902, 0.5863244533538818, 0.5889312028884888, 0.5949468612670898, 0.605774998664856, 0.6049729585647583, 0.6160016059875488, 0.6160016059875488, 0.6268297433853149, 0.6272308230400085, 0.6386604905128479, 0.6348506212234497, 0.6422699093818665], "loss": [1.0796070098876953, 1.015062689781189, 1.0010737180709839, 0.9842662215232849, 0.9741820096969604, 0.9578786492347717, 0.9413062930107117, 0.9259337782859802, 0.9083693623542786, 0.8994835615158081, 0.8798999190330505, 0.872592568397522, 0.8639508485794067, 0.8526140451431274, 0.8454660773277283, 0.8259952664375305, 0.8225489854812622, 0.8073970079421997, 0.8078505992889404, 0.7836407423019409], "val_accuracy": [0.5141884088516235, 0.5141884088516235, 0.5244041085243225, 0.5244041085243225, 0.5289443731307983, 0.5482406616210938, 0.5561861395835876, 0.5595913529396057, 0.5641316771507263, 0.5754824280738831, 0.5686719417572021, 0.5732122659683228, 0.5800226926803589, 0.5777525305747986, 0.5754824280738831, 0.586833119392395, 0.586833119392395, 0.5822928547859192, 0.5959137082099915, 0.5936436057090759], "val_loss": [1.013525128364563, 0.9977694153785706, 0.9845729470252991, 0.9717097282409668, 0.9647717475891113, 0.9473493695259094, 0.9328049421310425, 0.9242543578147888, 0.9196679592132568, 0.9081306457519531, 0.9062691330909729, 0.9005514979362488, 0.8953415155410767, 0.8962147831916809, 0.8922663927078247, 0.9002625942230225, 0.889955461025238, 0.8917784094810486, 0.8875694870948792, 0.8966524600982666]}